{
  "video": "data/easy/2_easy.mp4",
  "fps": 29.97002997002997,
  "total_seconds": 188.82196666666667,
  "roi": null,
  "params": {
    "resize_width": 960,
    "blur_ksize": 9,
    "bg_alpha": 0.03,
    "diff_thresh": 25,
    "motion_open_ksize": 5,
    "skin_open_ksize": 5,
    "min_hand_ratio": 0.006,
    "min_interval_s": 0.25,
    "merge_gap_s": 0.2,
    "warmup_frames": 30
  },
  "hand_present_intervals": [
    [
      0.26693333333333336,
      20.754066666666667
    ],
    [
      23.490133333333333,
      32.06536666666667
    ],
    [
      41.97526666666667,
      43.17646666666667
    ],
    [
      43.5435,
      188.82196666666667
    ]
  ],
  "no_hand_intervals": [
    [
      0.0,
      0.26693333333333336
    ],
    [
      20.754066666666667,
      23.490133333333333
    ],
    [
      32.06536666666667,
      41.97526666666667
    ],
    [
      43.17646666666667,
      43.5435
    ]
  ]
}