{
  "video": "data/difficult/4_difficult.mp4",
  "fps": 29.97002997002997,
  "total_seconds": 299.56593333333336,
  "roi": null,
  "params": {
    "resize_width": 960,
    "blur_ksize": 9,
    "bg_alpha": 0.03,
    "diff_thresh": 25,
    "motion_open_ksize": 5,
    "skin_open_ksize": 5,
    "min_hand_ratio": 0.006,
    "min_interval_s": 0.25,
    "merge_gap_s": 0.2,
    "warmup_frames": 30
  },
  "hand_present_intervals": [
    [
      1.8351666666666666,
      5.4054
    ],
    [
      8.775433333333334,
      21.755066666666668
    ],
    [
      39.10573333333333,
      41.4414
    ],
    [
      44.8448,
      45.97926666666667
    ],
    [
      50.78406666666667,
      55.088366666666666
    ],
    [
      60.89416666666667,
      63.730333333333334
    ],
    [
      65.89916666666667,
      70.00326666666666
    ],
    [
      74.30756666666667,
      77.87780000000001
    ],
    [
      80.44703333333334,
      86.51976666666667
    ],
    [
      89.42266666666667,
      89.88980000000001
    ],
    [
      93.35993333333333,
      95.095
    ],
    [
      95.92916666666667,
      101.0009
    ],
    [
      102.9028,
      105.53876666666667
    ],
    [
      113.58013333333334,
      114.28083333333333
    ],
    [
      121.85506666666667,
      299.56593333333336
    ]
  ],
  "no_hand_intervals": [
    [
      0.0,
      1.8351666666666666
    ],
    [
      5.4054,
      8.775433333333334
    ],
    [
      21.755066666666668,
      39.10573333333333
    ],
    [
      41.4414,
      44.8448
    ],
    [
      45.97926666666667,
      50.78406666666667
    ],
    [
      55.088366666666666,
      60.89416666666667
    ],
    [
      63.730333333333334,
      65.89916666666667
    ],
    [
      70.00326666666666,
      74.30756666666667
    ],
    [
      77.87780000000001,
      80.44703333333334
    ],
    [
      86.51976666666667,
      89.42266666666667
    ],
    [
      89.88980000000001,
      93.35993333333333
    ],
    [
      95.095,
      95.92916666666667
    ],
    [
      101.0009,
      102.9028
    ],
    [
      105.53876666666667,
      113.58013333333334
    ],
    [
      114.28083333333333,
      121.85506666666667
    ]
  ]
}