{
  "video": "data/medium/1_medium.mp4",
  "fps": 29.97002997002997,
  "total_seconds": 269.13553333333334,
  "roi": null,
  "params": {
    "resize_width": 960,
    "blur_ksize": 9,
    "bg_alpha": 0.03,
    "diff_thresh": 25,
    "motion_open_ksize": 5,
    "skin_open_ksize": 5,
    "min_hand_ratio": 0.006,
    "min_interval_s": 0.25,
    "merge_gap_s": 0.2,
    "warmup_frames": 30
  },
  "hand_present_intervals": [
    [
      6.4064000000000005,
      15.081733333333334
    ],
    [
      16.5165,
      18.685333333333332
    ],
    [
      19.919900000000002,
      29.3293
    ],
    [
      31.2312,
      41.041000000000004
    ],
    [
      46.446400000000004,
      50.01663333333333
    ],
    [
      50.91753333333333,
      53.31993333333333
    ],
    [
      55.688966666666666,
      62.595866666666666
    ],
    [
      66.3663,
      73.07300000000001
    ],
    [
      74.10736666666666,
      269.13553333333334
    ]
  ],
  "no_hand_intervals": [
    [
      0.0,
      6.4064000000000005
    ],
    [
      15.081733333333334,
      16.5165
    ],
    [
      18.685333333333332,
      19.919900000000002
    ],
    [
      29.3293,
      31.2312
    ],
    [
      41.041000000000004,
      46.446400000000004
    ],
    [
      50.01663333333333,
      50.91753333333333
    ],
    [
      53.31993333333333,
      55.688966666666666
    ],
    [
      62.595866666666666,
      66.3663
    ],
    [
      73.07300000000001,
      74.10736666666666
    ]
  ]
}