{
  "video": "data/easy/2_easy.mp4",
  "fps": 29.97002997002997,
  "total_seconds": 188.82196666666667,
  "roi": null,
  "params": {
    "resize_width": 960,
    "blur_ksize": 9,
    "bg_alpha": 0.03,
    "diff_thresh": 25,
    "motion_open_ksize": 5,
    "skin_open_ksize": 5,
    "min_hand_ratio": 0.006,
    "min_interval_s": 0.25,
    "merge_gap_s": 0.2,
    "warmup_frames": 30
  },
  "hand_present_intervals": [
    [
      0.8341666666666667,
      20.7207
    ],
    [
      23.690333333333335,
      27.727700000000002
    ],
    [
      28.2282,
      32.06536666666667
    ],
    [
      42.10873333333333,
      43.143100000000004
    ],
    [
      43.5435,
      188.82196666666667
    ]
  ],
  "no_hand_intervals": [
    [
      0.0,
      0.8341666666666667
    ],
    [
      20.7207,
      23.690333333333335
    ],
    [
      27.727700000000002,
      28.2282
    ],
    [
      32.06536666666667,
      42.10873333333333
    ],
    [
      43.143100000000004,
      43.5435
    ]
  ]
}